{
    "dataset": "TIMIT",
    "room_dim": [
        3,
        3
    ],
    "snr": null,
    "rt60": 0.15,
    "src_dist": 1.0,
    "mic_spacing": 0.6,
    "directivity": "CARDIOID",
    "min_angle": 0,
    "max_angle": 0,
    "angle_step": 45,
    "min_error": -45,
    "max_error": 45,
    "error_step": 15,
    "signal_filter_kwargs": null,
    "estim_filter_kwargs": [
        [
            0.08012572860343174,
            -0.16025145720686348,
            0.08012572860343174,
            1.0,
            -1.3374984099453227,
            0.4476978468282962
        ],
        [
            1.0,
            -2.0,
            1.0,
            1.0,
            -1.3466553376553518,
            0.4576092339602731
        ],
        [
            1.0,
            -2.0,
            1.0,
            1.0,
            -1.3651172372392975,
            0.47759225007251715
        ],
        [
            1.0,
            -2.0,
            1.0,
            1.0,
            -1.3931774371491488,
            0.5079643915935855
        ],
        [
            1.0,
            -2.0,
            1.0,
            1.0,
            -1.4312676668027358,
            0.5491929590779742
        ],
        [
            1.0,
            -2.0,
            1.0,
            1.0,
            -1.47994410461869,
            0.6018799557079808
        ],
        [
            1.0,
            -2.0,
            1.0,
            1.0,
            -1.539861400261295,
            0.6667339691741497
        ],
        [
            1.0,
            -2.0,
            1.0,
            1.0,
            -1.6117270964574348,
            0.7445208382054344
        ],
        [
            1.0,
            -2.0,
            1.0,
            1.0,
            -1.696225608537312,
            0.835981368617006
        ],
        [
            1.0,
            -2.0,
            1.0,
            1.0,
            -1.7938973055046055,
            0.9417004516037266
        ]
    ]
}