{
    "dataset": "TIMIT",
    "room_dim": [
        3,
        3
    ],
    "snr": null,
    "rt60": 0.15,
    "src_dist": 1.0,
    "mic_spacing": 0.6,
    "directivity": "CARDIOID",
    "min_angle": 0,
    "max_angle": 0,
    "angle_step": 45,
    "min_error": -45,
    "max_error": 45,
    "error_step": 15,
    "signal_filter_kwargs": null,
    "estim_filter_kwargs": [
        [
            8.555155699386511e-06,
            -1.7110311398773023e-05,
            8.555155699386511e-06,
            1.0,
            9.974659986866641e-17,
            0.0015437125086741315
        ],
        [
            1.0,
            -2.0,
            1.0,
            1.0,
            1.8388068845354155e-16,
            0.014008568735804144
        ],
        [
            1.0,
            -2.0,
            1.0,
            1.0,
            -1.3877787807814457e-17,
            0.03956612989658004
        ],
        [
            1.0,
            -2.0,
            1.0,
            1.0,
            -8.326672684688674e-17,
            0.07954045177320418
        ],
        [
            1.0,
            -2.0,
            1.0,
            1.0,
            0.0,
            0.13610158059098823
        ],
        [
            1.0,
            -2.0,
            1.0,
            1.0,
            0.0,
            0.21252682194185932
        ],
        [
            1.0,
            -2.0,
            1.0,
            1.0,
            1.6653345369377348e-16,
            0.31363013821503233
        ],
        [
            1.0,
            -2.0,
            1.0,
            1.0,
            0.0,
            0.4464626921716895
        ],
        [
            1.0,
            -2.0,
            1.0,
            1.0,
            -2.220446049250313e-16,
            0.6214743340943358
        ],
        [
            1.0,
            -2.0,
            1.0,
            1.0,
            -2.2204460492503136e-16,
            0.8544977810681018
        ]
    ]
}