{
    "dataset": "TIMIT",
    "room_dim": [
        3,
        3
    ],
    "snr": null,
    "rt60": 0.15,
    "src_dist": 1.0,
    "mic_spacing": 0.6,
    "directivity": "CARDIOID",
    "min_angle": 0,
    "max_angle": 0,
    "angle_step": 45,
    "min_error": -45,
    "max_error": 45,
    "error_step": 15,
    "signal_filter_kwargs": null,
    "estim_filter_kwargs": [
        [
            0.005607022062079017,
            0.011214044124158034,
            0.005607022062079017,
            1.0,
            0.8294862809936342,
            0.17307074838361772
        ],
        [
            1.0,
            2.0,
            1.0,
            1.0,
            0.8380180347506818,
            0.18513647025766197
        ],
        [
            1.0,
            2.0,
            1.0,
            1.0,
            0.8553979327751702,
            0.20971535775655467
        ],
        [
            1.0,
            2.0,
            1.0,
            1.0,
            0.8822801296877402,
            0.24773252521669537
        ],
        [
            1.0,
            2.0,
            1.0,
            1.0,
            0.9197011128949617,
            0.30065378718568375
        ],
        [
            1.0,
            2.0,
            1.0,
            1.0,
            0.9691511387462485,
            0.3705866844042739
        ],
        [
            1.0,
            2.0,
            1.0,
            1.0,
            1.0326779969132946,
            0.4604272287990626
        ],
        [
            1.0,
            2.0,
            1.0,
            1.0,
            1.1130298541633477,
            0.5740619150839545
        ],
        [
            1.0,
            2.0,
            1.0,
            1.0,
            1.2138434527693198,
            0.7166338735041576
        ],
        [
            1.0,
            2.0,
            1.0,
            1.0,
            1.3398784985748378,
            0.8948743446166354
        ]
    ],
    "use_phase": true
}