{
    "dataset": "TIMIT",
    "room_dim": [
        3,
        3
    ],
    "snr": null,
    "rt60": 0.15,
    "src_dist": 1.0,
    "mic_spacing": 0.6,
    "directivity": "CARDIOID",
    "min_angle": 0,
    "max_angle": 0,
    "angle_step": 45,
    "min_error": -45,
    "max_error": 45,
    "error_step": 15,
    "signal_filter_kwargs": null,
    "estim_filter_kwargs": [
        [
            0.005607022062079023,
            -0.011214044124158046,
            0.005607022062079023,
            1.0,
            -0.8294862809936344,
            0.1730707483836178
        ],
        [
            1.0,
            -2.0,
            1.0,
            1.0,
            -0.8380180347506818,
            0.18513647025766197
        ],
        [
            1.0,
            -2.0,
            1.0,
            1.0,
            -0.8553979327751704,
            0.20971535775655478
        ],
        [
            1.0,
            -2.0,
            1.0,
            1.0,
            -0.8822801296877405,
            0.24773252521669553
        ],
        [
            1.0,
            -2.0,
            1.0,
            1.0,
            -0.9197011128949617,
            0.30065378718568375
        ],
        [
            1.0,
            -2.0,
            1.0,
            1.0,
            -0.9691511387462487,
            0.37058668440427395
        ],
        [
            1.0,
            -2.0,
            1.0,
            1.0,
            -1.0326779969132949,
            0.4604272287990627
        ],
        [
            1.0,
            -2.0,
            1.0,
            1.0,
            -1.1130298541633479,
            0.5740619150839545
        ],
        [
            1.0,
            -2.0,
            1.0,
            1.0,
            -1.21384345276932,
            0.7166338735041577
        ],
        [
            1.0,
            -2.0,
            1.0,
            1.0,
            -1.339878498574838,
            0.8948743446166354
        ]
    ]
}