{
    "dataset": "TIMIT",
    "room_dim": [
        3,
        3
    ],
    "snr": null,
    "rt60": 0.15,
    "src_dist": 1.0,
    "mic_spacing": 0.6,
    "directivity": "CARDIOID",
    "min_angle": 0,
    "max_angle": 0,
    "angle_step": 45,
    "min_error": -45,
    "max_error": 45,
    "error_step": 15,
    "signal_filter_kwargs": null,
    "estim_filter_kwargs": [
        [
            0.2853718363411604,
            -0.5707436726823208,
            0.2853718363411604,
            1.0,
            -1.6421839683483017,
            0.6743562542793773
        ],
        [
            1.0,
            -2.0,
            1.0,
            1.0,
            -1.6487943391545432,
            0.6810961299058995
        ],
        [
            1.0,
            -2.0,
            1.0,
            1.0,
            -1.662009959637885,
            0.6945706597009516
        ],
        [
            1.0,
            -2.0,
            1.0,
            1.0,
            -1.6818144444652807,
            0.714763137323835
        ],
        [
            1.0,
            -2.0,
            1.0,
            1.0,
            -1.7081675816901591,
            0.7416325630293716
        ],
        [
            1.0,
            -2.0,
            1.0,
            1.0,
            -1.7409858609553113,
            0.7750937903957321
        ],
        [
            1.0,
            -2.0,
            1.0,
            1.0,
            -1.780115528866038,
            0.8149900538211368
        ],
        [
            1.0,
            -2.0,
            1.0,
            1.0,
            -1.8252977819120153,
            0.8610574795347461
        ],
        [
            1.0,
            -2.0,
            1.0,
            1.0,
            -1.8761262711043691,
            0.9128817577003572
        ],
        [
            1.0,
            -2.0,
            1.0,
            1.0,
            -1.9319982170924954,
            0.9698482998217434
        ]
    ]
}