{
    "dataset": "TIMIT",
    "room_dim": [
        3,
        3
    ],
    "snr": null,
    "rt60": 0.15,
    "src_dist": 1.0,
    "mic_spacing": 0.6,
    "directivity": "CARDIOID",
    "min_angle": 0,
    "max_angle": 0,
    "angle_step": 45,
    "min_error": -45,
    "max_error": 45,
    "error_step": 5,
    "signal_filter_kwargs": null,
    "estim_filter_kwargs": [
        [
            7.533689490516233e-16,
            1.5067378981032465e-14,
            1.4314010031980842e-13,
            8.588406019188506e-13,
            3.6500725581551146e-12,
            1.1680232186096367e-11,
            2.9200580465240917e-11,
            5.840116093048183e-11,
            9.490188651203299e-11,
            1.2653584868271064e-10,
            1.391894335509817e-10,
            1.2653584868271064e-10,
            9.490188651203299e-11,
            5.840116093048183e-11,
            2.9200580465240917e-11,
            1.1680232186096367e-11,
            3.6500725581551146e-12,
            8.588406019188506e-13,
            1.4314010031980842e-13,
            1.5067378981032465e-14,
            7.533689490516233e-16
        ],
        [
            1.0,
            -14.995371604171192,
            107.3065985644898,
            -487.1404288998036,
            1573.150698112235,
            -3840.8242415360132,
            7354.907956749932,
            -11310.073320852489,
            14182.848580067328,
            -14644.631043750322,
            12517.785198658134,
            -8872.032316928025,
            5204.263702177124,
            -2512.608165886558,
            988.5923439242854,
            -312.07950415649583,
            77.18497131671613,
            -14.413071397241698,
            1.9115283337997981,
            -0.16053302451971754,
            0.0064201323842308
        ]
    ]
}