{
    "dataset": "TIMIT",
    "room_dim": [
        3,
        3
    ],
    "snr": null,
    "rt60": 0.15,
    "src_dist": 1.0,
    "mic_spacing": 0.6,
    "directivity": "CARDIOID",
    "min_angle": 0,
    "max_angle": 0,
    "angle_step": 45,
    "min_error": -45,
    "max_error": 45,
    "error_step": 15,
    "signal_filter_kwargs": null,
    "estim_filter_kwargs": [
        [
            0.5347388070731157,
            -1.0694776141462314,
            0.5347388070731157,
            1.0,
            -1.813193295501118,
            0.8219665624936427
        ],
        [
            1.0,
            -2.0,
            1.0,
            1.0,
            -1.8171763407814212,
            0.8259688800268128
        ],
        [
            1.0,
            -2.0,
            1.0,
            1.0,
            -1.8250960051409633,
            0.8339268642555546
        ],
        [
            1.0,
            -2.0,
            1.0,
            1.0,
            -1.8368571469283503,
            0.845744913178708
        ],
        [
            1.0,
            -2.0,
            1.0,
            1.0,
            -1.8523114599783086,
            0.8612740030408846
        ],
        [
            1.0,
            -2.0,
            1.0,
            1.0,
            -1.8712511435336292,
            0.8803053276258721
        ],
        [
            1.0,
            -2.0,
            1.0,
            1.0,
            -1.8934011565285385,
            0.9025625150617936
        ],
        [
            1.0,
            -2.0,
            1.0,
            1.0,
            -1.9184107565980042,
            0.927693125891298
        ],
        [
            1.0,
            -2.0,
            1.0,
            1.0,
            -1.9458453079147524,
            0.9552604212702039
        ],
        [
            1.0,
            -2.0,
            1.0,
            1.0,
            -1.975179657728788,
            0.9847367074589266
        ]
    ]
}