{
    "dataset": "TIMIT",
    "room_dim": [
        3,
        3
    ],
    "snr": null,
    "rt60": 0.15,
    "src_dist": 1.0,
    "mic_spacing": 0.6,
    "directivity": "CARDIOID",
    "min_angle": 0,
    "max_angle": 0,
    "angle_step": 45,
    "min_error": -45,
    "max_error": 45,
    "error_step": 15,
    "signal_filter_kwargs": null,
    "estim_filter_kwargs": [
        [
            8.555155699386511e-06,
            1.7110311398773023e-05,
            8.555155699386511e-06,
            1.0,
            -1.2576745200831851e-17,
            0.001543712508674131
        ],
        [
            1.0,
            2.0,
            1.0,
            1.0,
            -4.85722573273506e-17,
            0.01400856873580414
        ],
        [
            1.0,
            2.0,
            1.0,
            1.0,
            -1.3877787807814457e-17,
            0.03956612989658004
        ],
        [
            1.0,
            2.0,
            1.0,
            1.0,
            -8.326672684688674e-17,
            0.07954045177320418
        ],
        [
            1.0,
            2.0,
            1.0,
            1.0,
            0.0,
            0.13610158059098823
        ],
        [
            1.0,
            2.0,
            1.0,
            1.0,
            0.0,
            0.21252682194185932
        ],
        [
            1.0,
            2.0,
            1.0,
            1.0,
            -1.1102230246251565e-16,
            0.3136301382150322
        ],
        [
            1.0,
            2.0,
            1.0,
            1.0,
            0.0,
            0.4464626921716895
        ],
        [
            1.0,
            2.0,
            1.0,
            1.0,
            0.0,
            0.6214743340943361
        ],
        [
            1.0,
            2.0,
            1.0,
            1.0,
            0.0,
            0.8544977810681016
        ]
    ]
}